Product,Brand,Cap_Haitien,Borgne,Year,Month,Period,Currency,Dondon,Ranquitte,Bahon,Limbe,Price_Max,Price_Min,Price_Median
Cap-Haïtien,Marché Cluny,Centre ville,ND,2020,July,Q1,HTG,,,,,,,
Dondon,1-Marché Dondon 2- Marché St Germain,1-Centre ville 2-Laguille/ Haut du Trou,Moyenne des marchés,2020,July,Q1,HTG,,,,,,,
Borgne,1- Petit- Bourg 2- Borgne,1-Petit-Bourg 2- Centre ville,Moyenne des marchés,2020,July,Q1,HTG,,,,,,,
Ranquitte,1- Marché Garde-Iram 2- Marché Ranquitte,1-Garde-Iram 2-Centre ville,Moyenne des marchés,2020,July,Q1,HTG,,,,,,,
St Raphaël,1- Marché St Raphaël 2- Marché Ti Campêche,1-Centre ville 2- Ti Campêche,Moyenne des marchés,2020,July,Q1,HTG,,,,,,,
Bahon,Marché Bahon,Centre ville,ND,2020,July,Q1,HTG,,,,,,,
Limonade,Marché Limonade,Centre ville,ND,2020,July,Q1,HTG,,,,,,,
Limbé,Marché Limbé,Centre ville,ND,2020,July,Q1,HTG,,,,,,,
Pilate,Marché Pilate,Centre ville,ND,2020,July,Q1,HTG,,,,,,,
Cap-Haïtien,Marché Cluny,Centre ville,ND,2020,July,Q2,HTG,,,,,,,
Dondon,1-Marché Dondon 2- Marché St Germain,1-Centre ville 2-Laguille/ Haut du Trou,Moyenne des marchés,2020,July,Q2,HTG,,,,,,,
Borgne,1- Petit- Bourg 2- Borgne,1-Petit-Bourg 2- Centre ville,Moyenne des marchés,2020,July,Q2,HTG,,,,,,,
Ranquitte,1- Marché Garde-Iram 2- Marché Ranquitte,1-Garde-Iram 2-Centre ville,Moyenne des marchés,2020,July,Q2,HTG,,,,,,,
St Raphaël,1- Marché St Raphaël 2- Marché Ti Campêche,1-Centre ville 2- Ti Campêche,Moyenne des marchés,2020,July,Q2,HTG,,,,,,,
Bahon,Marché Bahon,Centre ville,ND,2020,July,Q2,HTG,,,,,,,
Limonade,Marché Limonade,Centre ville,ND,2020,July,Q2,HTG,,,,,,,
Limbé,Marché Limbé,Centre ville,ND,2020,July,Q2,HTG,,,,,,,
Pilate,Marché Pilate,Centre ville,ND,2020,July,Q2,HTG,,,,,,,
Cap-Haïtien,Marché Clu,ny,Centre ville,2020,June,Q1,HTG,ND,ND,ND,,,,
Dondon,1-Marché,Dondon,1-Centre ville,2020,June,Q1,HTG,Moyenne,des,marchés,,,,
Borgne,1- Petit- Bo,urg,1-Petit-Bourg,2020,June,Q1,HTG,Moyenne,des,marchés,,,,
Ranquitte,1- Marché,Garde-Iram,1-Garde-Iram,2020,June,Q1,HTG,Moyenne,des,marchés,,,,
St Raphaël,1- Marché,St Raphaël,1-Centre ville,2020,June,Q1,HTG,Moyenne,des,marchés,,,,
Bahon,Marché Ba,hon,Centre ville,2020,June,Q1,HTG,ND,ND,ND,,,,
Limonade,Marché Li,monade,Centre ville,2020,June,Q1,HTG,ND,ND,ND,,,,
Limbé,Marché Li,mbé,Centre ville,2020,June,Q1,HTG,ND,ND,ND,,,,
Pilate,Marché Pil,ate,Centre ville,2020,June,Q1,HTG,ND,ND,ND,,,,
Ce bulletin de prix de cons,ommation,est supporté par le fin,ancement de l’Union E,2020,June,Q1,HTG,uropéenne,", via",le PMSA,,,,
Cap-Haïtien,Marché Cluny,Centre ville,ND,2020,June,Q2,HTG,,,,,,,
Dondon,1-Marché Dondon 2- Marché St Germain,1-Centre ville 2-Laguille/ Haut du Trou,Moyenne des marchés,2020,June,Q2,HTG,,,,,,,
Borgne,1- Petit- Bourg 2- Borgne,1-Petit-Bourg 2- Centre ville,Moyenne des marchés,2020,June,Q2,HTG,,,,,,,
Ranquitte,1- Marché Garde-Iram 2- Marché Ranquitte,1-Garde-Iram 2-Centre ville,Moyenne des marchés,2020,June,Q2,HTG,,,,,,,
St Raphaël,1- Marché St Raphaël 2- Marché Ti Campêche,1-Centre ville 2- Ti Campêche,Moyenne des marchés,2020,June,Q2,HTG,,,,,,,
Bahon,Marché Bahon,Centre ville,ND,2020,June,Q2,HTG,,,,,,,
Limonade,Marché Limonade,Centre ville,ND,2020,June,Q2,HTG,,,,,,,
Limbé,Marché Limbé,Centre ville,ND,2020,June,Q2,HTG,,,,,,,
Cap-Haïtien,Marché Clu,ny,Centre ville,2019,May,Q1,HTG,ND,ND,ND,,,,
Dondon,1-Marché,Dondon,1-Centre ville,2019,May,Q1,HTG,Moyenne,des,marchés,,,,
Borgne,1- Petit- Bo,urg,1-Petit-Bourg,2019,May,Q1,HTG,Moyenne,des,marchés,,,,
Ranquitte,1- Marché,Garde-Iram,1-Garde-Iram,2019,May,Q1,HTG,Moyenne,des,marchés,,,,
St Raphaël,1- Marché,St Raphaël,1-Centre ville,2019,May,Q1,HTG,Moyenne,des,marchés,,,,
Bahon,Marché Ba,hon,Centre ville,2019,May,Q1,HTG,ND,ND,ND,,,,
Limonade,Marché Li,monade,Centre ville,2019,May,Q1,HTG,ND,ND,ND,,,,
Limbé,Marché Li,mbé,Centre ville,2019,May,Q1,HTG,ND,ND,ND,,,,
Pilate,Marché Pil,ate,Centre ville,2019,May,Q1,HTG,ND,ND,ND,,,,
Cap-Haïtien,Marché Cluny,Centre ville,ND,2019,April,Q1,HTG,,,,,,,
Dondon,1-Marché Dondon 2- Marché St Germain,1-Centre ville 2-Laguille/ Haut du Trou,Moyenne des marchés,2019,April,Q1,HTG,,,,,,,
Borgne,1- Petit- Bourg 2- Borgne,1-Petit-Bourg 2- Centre ville,Moyenne des marchés,2019,April,Q1,HTG,,,,,,,
Ranquitte,1- Marché Garde-Iram 2- Marché Ranquitte,1-Garde-Iram 2-Centre ville,Moyenne des marchés,2019,April,Q1,HTG,,,,,,,
St Raphaël,1- Marché St Raphaël 2- Marché Ti Campêche,1-Centre ville 2- Ti Campêche,Moyenne des marchés,2019,April,Q1,HTG,,,,,,,
Bahon,Marché Bahon,Centre ville,ND,2019,April,Q1,HTG,,,,,,,
Limonade,Marché Limonade,Centre ville,ND,2019,April,Q1,HTG,,,,,,,
Limbé,Marché Limbé,Centre ville,ND,2019,April,Q1,HTG,,,,,,,
Pilate,Marché Pilate,Centre ville,ND,2019,April,Q1,HTG,,,,,,,
Cap-Haïtien,Marché Clu,ny,Centre ville,2019,April,Q2,HTG,ND,ND,ND,,,,
Dondon,1-Marché,Dondon,1-Centre ville,2019,April,Q2,HTG,Moyenne,des,marchés,,,,
Borgne,1- Petit- Bo,urg,1-Petit-Bourg,2019,April,Q2,HTG,Moyenne,des,marchés,,,,
Ranquitte,1- Marché,Garde-Iram,1-Garde-Iram,2019,April,Q2,HTG,Moyenne,des,marchés,,,,
St Raphaël,1- Marché,St Raphaël,1-Centre ville,2019,April,Q2,HTG,Moyenne,des,marchés,,,,
Bahon,Marché Ba,hon,Centre ville,2019,April,Q2,HTG,ND,ND,ND,,,,
Limonade,Marché Li,monade,Centre ville,2019,April,Q2,HTG,ND,ND,ND,,,,
Limbé,Marché Li,mbé,Centre ville,2019,April,Q2,HTG,ND,ND,ND,,,,
Pilate,Marché Pil,ate,Centre ville,2019,April,Q2,HTG,ND,ND,ND,,,,
Cap-Haïtien,Marché Cluny,Centre ville,ND,2019,March,Q1,HTG,,,,,,,
Dondon,1-Marché Dondon 2- Marché St Germain,1-Centre ville 2-Laguille/ Haut du Trou,Moyenne des marchés,2019,March,Q1,HTG,,,,,,,
Borgne,1- Petit- Bourg 2- Borgne,1-Petit-Bourg 2- Centre ville,Moyenne des marchés,2019,March,Q1,HTG,,,,,,,
Ranquitte,1- Marché Garde-Iram 2- Marché Ranquitte,1-Garde-Iram 2-Centre ville,Moyenne des marchés,2019,March,Q1,HTG,,,,,,,
St Raphaël,1- Marché St Raphaël 2- Marché Ti Campêche,1-Centre ville 2- Ti Campêche,Moyenne des marchés,2019,March,Q1,HTG,,,,,,,
Bahon,Marché Bahon,Centre ville,ND,2019,March,Q1,HTG,,,,,,,
Limonade,Marché Limonade,Centre ville,ND,2019,March,Q1,HTG,,,,,,,
Limbé,Marché Limbé,Centre ville,ND,2019,March,Q1,HTG,,,,,,,
Pilate,Marché Pilate,Centre ville,ND,2019,March,Q1,HTG,,,,,,,
Cap-Haïtien,Marché Cluny,Centre ville,ND,2019,March,Q2,HTG,,,,,,,
Dondon,1-Marché Dondon 2- Marché St Germain,1-Centre ville 2-Laguille/ Haut du Trou,Moyenne des marchés,2019,March,Q2,HTG,,,,,,,
Borgne,1- Petit- Bourg 2- Borgne,1-Petit-Bourg 2- Centre ville,Moyenne des marchés,2019,March,Q2,HTG,,,,,,,
Ranquitte,1- Marché Garde-Iram 2- Marché Ranquitte,1-Garde-Iram 2-Centre ville,Moyenne des marchés,2019,March,Q2,HTG,,,,,,,
St Raphaël,1- Marché St Raphaël 2- Marché Ti Campêche,1-Centre ville 2- Ti Campêche,Moyenne des marchés,2019,March,Q2,HTG,,,,,,,
Bahon,Marché Bahon,Centre ville,ND,2019,March,Q2,HTG,,,,,,,
Limonade,Marché Limonade,Centre ville,ND,2019,March,Q2,HTG,,,,,,,
Limbé,Marché Limbé,Centre ville,ND,2019,March,Q2,HTG,,,,,,,
Pilate,Marché Pilate,Centre ville,ND,2019,March,Q2,HTG,,,,,,,
Cap-Haïtien,Marché Cluny,Centre ville,ND,2019,February,Q1,HTG,,,,,,,
Dondon,1-Marché Dondon 2- Marché St Germain,1-Centre ville 2-Laguille/ Haut du Trou,Moyenne des marchés,2019,February,Q1,HTG,,,,,,,
Borgne,1- Petit- Bourg 2- Borgne,1-Petit-Bourg 2- Centre ville,Moyenne des marchés,2019,February,Q1,HTG,,,,,,,
Ranquitte,1- Marché Garde-Iram 2- Marché Ranquitte,1-Garde-Iram 2-Centre ville,Moyenne des marchés,2019,February,Q1,HTG,,,,,,,
St Raphaël,1- Marché St Raphaël 2- Marché Ti Campêche,1-Centre ville 2- Ti Campêche,Moyenne des marchés,2019,February,Q1,HTG,,,,,,,
Bahon,Marché Bahon,Centre ville,ND,2019,February,Q1,HTG,,,,,,,
Limonade,Marché Limonade,Centre ville,ND,2019,February,Q1,HTG,,,,,,,
Limbé,Marché Limbé,Centre ville,ND,2019,February,Q1,HTG,,,,,,,
Pilate,Marché Pilate,Centre ville,ND,2019,February,Q1,HTG,,,,,,,
Cap-Haïtien,Marché Cluny,Centre ville,ND,2019,February,Q2,HTG,,,,,,,
Dondon,1-Marché Dondon 2- Marché St Germain,1-Centre ville 2-Laguille/ Haut du Trou,Moyenne des marchés,2019,February,Q2,HTG,,,,,,,
Borgne,1- Petit- Bourg 2- Borgne,1-Petit-Bourg 2- Centre ville,Moyenne des marchés,2019,February,Q2,HTG,,,,,,,
Ranquitte,1- Marché Garde-Iram 2- Marché Ranquitte,1-Garde-Iram 2-Centre ville,Moyenne des marchés,2019,February,Q2,HTG,,,,,,,
St Raphaël,1- Marché St Raphaël 2- Marché Ti Campêche,1-Centre ville 2- Ti Campêche,Moyenne des marchés,2019,February,Q2,HTG,,,,,,,
Bahon,Marché Bahon,Centre ville,ND,2019,February,Q2,HTG,,,,,,,
Limonade,Marché Limonade,Centre ville,ND,2019,February,Q2,HTG,,,,,,,
Limbé,Marché Limbé,Centre ville,ND,2019,February,Q2,HTG,,,,,,,
Pilate,Marché Pilate,Centre ville,ND,2019,February,Q2,HTG,,,,,,,
Cap-Haïtien,Marché Cluny,Centre ville,ND,2019,January,Q1,HTG,,,,,,,
Dondon,1-Marché Dondon 2- Marché St Germain,1-Centre ville 2-Laguille/ Haut du Trou,Moyenne des marchés,2019,January,Q1,HTG,,,,,,,
Borgne,1- Petit- Bourg 2- Borgne,1-Petit-Bourg 2- Centre ville,Moyenne des marchés,2019,January,Q1,HTG,,,,,,,
Ranquitte,1- Marché Garde-Iram 2- Marché Ranquitte,1-Garde-Iram 2-Centre ville,Moyenne des marchés,2019,January,Q1,HTG,,,,,,,
St Raphaël,1- Marché St Raphaël 2- Marché Ti Campêche,1-Centre ville 2- Ti Campêche,Moyenne des marchés,2019,January,Q1,HTG,,,,,,,
Bahon,Marché Bahon,Centre ville,ND,2019,January,Q1,HTG,,,,,,,
Limonade,Marché Limonade,Centre ville,ND,2019,January,Q1,HTG,,,,,,,
Limbé,Marché Limbé,Centre ville,ND,2019,January,Q1,HTG,,,,,,,
Pilate,Marché Pilate,Centre ville,ND,2019,January,Q1,HTG,,,,,,,
Cap-Haïtien,Marché Cluny,Centre ville,ND,2019,January,Q2,HTG,,,,,,,
Dondon,1-Marché Dondon 2- Marché St Germain,1-Centre ville 2-Laguille/ Haut du Trou,Moyenne des marchés,2019,January,Q2,HTG,,,,,,,
Borgne,1- Petit- Bourg 2- Borgne,1-Petit-Bourg 2- Centre ville,Moyenne des marchés,2019,January,Q2,HTG,,,,,,,
Ranquitte,1- Marché Garde-Iram 2- Marché Ranquitte,1-Garde-Iram 2-Centre ville,Moyenne des marchés,2019,January,Q2,HTG,,,,,,,
St Raphaël,1- Marché St Raphaël 2- Marché Ti Campêche,1-Centre ville 2- Ti Campêche,Moyenne des marchés,2019,January,Q2,HTG,,,,,,,
Bahon,Marché Bahon,Centre ville,ND,2019,January,Q2,HTG,,,,,,,
Limonade,Marché Limonade,Centre ville,ND,2019,January,Q2,HTG,,,,,,,
Limbé,Marché Limbé,Centre ville,ND,2019,January,Q2,HTG,,,,,,,
Pilate,Marché Pilate,Centre ville,ND,2019,January,Q2,HTG,,,,,,,
Borgne par rapport au marché du Cap-Haïti,en,R a p haël par rapport,au,2018,December,Q1,HTG,marché,,,,,,
Rice,hé de,Graphique-5: Prix du,riz,2018,December,Q1,HTG,importé,,,,,,
Ranquitte par rapport au marché du Cap-H,aïtien,B a h o n par rapport a,u m,2018,December,Q1,HTG,arché d,,,,,,
Ce bulletin de prix de consommation,est supporté,par le financement,de,2018,December,Q1,HTG,la Banq,,,,,,
Borgne par rapport au marché du Cap-Haïti,en,R a p haël par rapport,au,2018,December,Q2,HTG,marché,,,,,,
Rice,hé de,Graphique-5: Prix du,riz,2018,December,Q2,HTG,importé,,,,,,
Ranquitte par rapport au marché du Cap-H,aïtien,B a h o n par rapport a,u m,2018,December,Q2,HTG,arché d,,,,,,
Ce bulletin de prix de consommation,est supporté,par le financement,de,2018,December,Q2,HTG,la Banq,,,,,,
Borgne par rapport au marché du Cap-Haïti,en,R a p haël par rapport,au,2018,November,Q1,HTG,marché,,,,,,
Rice,hé de,Graphique-5: Prix du,riz,2018,November,Q1,HTG,importé,,,,,,
Ranquitte par rapport au marché du Cap-H,aïtien,B a h o n par rapport a,u m,2018,November,Q1,HTG,arché d,,,,,,
Ce bulletin de prix de consommation,est supporté,par le financement,de,2018,November,Q1,HTG,la Banq,,,,,,
Cap-Haïtien,Marché Clu,ny,Centre ville,2018,November,Q2,HTG,ND,ND,ND,,,,
Dondon,1-Marché,Dondon,1-Centre ville,2018,November,Q2,HTG,Moyenne,des,marchés,,,,
Borgne,1- Petit- Bo,urg,1-Petit-Bourg,2018,November,Q2,HTG,Moyenne,des,marchés,,,,
Ranquitte,1- Marché,Garde-Iram,1-Garde-Iram,2018,November,Q2,HTG,Moyenne,des,marchés,,,,
St Raphaël,1- Marché,St Raphaël,1-Centre ville,2018,November,Q2,HTG,Moyenne,des,marchés,,,,
Bahon,Marché Ba,hon,Centre ville,2018,November,Q2,HTG,ND,ND,ND,,,,
Limonade,Marché Li,monade,Centre ville,2018,November,Q2,HTG,ND,ND,ND,,,,
Limbé,Marché Li,mbé,Centre ville,2018,November,Q2,HTG,ND,ND,ND,,,,
Pilate,Marché Pil,ate,Centre ville,2018,November,Q2,HTG,ND,ND,ND,,,,
Cap-Haïtien,Marché Cluny,Centre ville,ND,2018,October,Q1,HTG,,,,,,,
Dondon,1-Marché Dondon 2- Marché St Germain,1-Centre ville 2-Laguille/ Haut du Trou,Moyenne des marchés,2018,October,Q1,HTG,,,,,,,
Borgne,1- Petit- Bourg 2- Borgne,1-Petit-Bourg 2- Centre ville,Moyenne des marchés,2018,October,Q1,HTG,,,,,,,
Ranquitte,1- Marché Garde-Iram 2- Marché Ranquitte,1-Garde-Iram 2-Centre ville,Moyenne des marchés,2018,October,Q1,HTG,,,,,,,
St Raphaël,1- Marché St Raphaël 2- Marché Ti Campêche,1-Centre ville 2- Ti Campêche,Moyenne des marchés,2018,October,Q1,HTG,,,,,,,
Bahon,Marché Bahon,Centre ville,ND,2018,October,Q1,HTG,,,,,,,
Limonade,Marché Limonade,Centre ville,ND,2018,October,Q1,HTG,,,,,,,
Limbé,Marché Limbé,Centre ville,ND,2018,October,Q1,HTG,,,,,,,
Pilate,Marché Pilate,Centre ville,ND,2018,October,Q1,HTG,,,,,,,
Cap-Haïtien,Marché Cluny,Centre ville,ND,2018,October,Q2,HTG,,,,,,,
Dondon,1-Marché Dondon 2- Marché St Germain,1-Centre ville 2-Laguille/ Haut du Trou,Moyenne des marchés,2018,October,Q2,HTG,,,,,,,
Borgne,1- Petit- Bourg 2- Borgne,1-Petit-Bourg 2- Centre ville,Moyenne des marchés,2018,October,Q2,HTG,,,,,,,
Ranquitte,1- Marché Garde-Iram 2- Marché Ranquitte,1-Garde-Iram 2-Centre ville,Moyenne des marchés,2018,October,Q2,HTG,,,,,,,
St Raphaël,1- Marché St Raphaël 2- Marché Ti Campêche,1-Centre ville 2- Ti Campêche,Moyenne des marchés,2018,October,Q2,HTG,,,,,,,
Bahon,Marché Bahon,Centre ville,ND,2018,October,Q2,HTG,,,,,,,
Limonade,Marché Limonade,Centre ville,ND,2018,October,Q2,HTG,,,,,,,
Limbé,Marché Limbé,Centre ville,ND,2018,October,Q2,HTG,,,,,,,
Pilate,Marché Pilate,Centre ville,ND,2018,October,Q2,HTG,,,,,,,
Cap-Haïtien,Marché Cluny,Centre ville,ND,2018,June,Q1,HTG,,,,,,,
Dondon,1-Marché Dondon 2- Marché St Germain,1-Centre ville 2-Laguille/ Haut du Trou,Moyenne des marchés,2018,June,Q1,HTG,,,,,,,
Borgne,1- Petit- Bourg 2- Borgne,1-Petit-Bourg 2- Centre ville,Moyenne des marchés,2018,June,Q1,HTG,,,,,,,
Ranquitte,1- Marché Garde-Iram 2- Marché Ranquitte,1-Garde-Iram 2-Centre ville,Moyenne des marchés,2018,June,Q1,HTG,,,,,,,
St Raphaël,1- Marché St Raphaël 2- Marché Ti Campêche,1-Centre ville 2- Ti Campêche,Moyenne des marchés,2018,June,Q1,HTG,,,,,,,
Bahon,Marché Bahon,Centre ville,ND,2018,June,Q1,HTG,,,,,,,
Limonade,Marché Limonade,Centre ville,ND,2018,June,Q1,HTG,,,,,,,
Limbé,Marché Limbé,Centre ville,ND,2018,June,Q1,HTG,,,,,,,
Cap-Haïtien,Marché Cl,uny,Centre ville,2018,June,Q2,HTG,ND,ND,ND,,,,
Dondon,1-Marché,Dondon,1-Centre ville,2018,June,Q2,HTG,Moyenne,des,marchés,,,,
Borgne,1- Petit- Bo,urg,1-Petit-Bourg,2018,June,Q2,HTG,Moyenne,des,marchés,,,,
Ranquitte,1- Marché,Garde-Iram,1-Garde-Iram,2018,June,Q2,HTG,Moyenne,des,marchés,,,,
St Raphaël,1- Marché,St Raphaël,1-Centre ville,2018,June,Q2,HTG,Moyenne,des,marchés,,,,
Bahon,Marché Ba,hon,Centre ville,2018,June,Q2,HTG,ND,ND,ND,,,,
Limonade,Marché Li,monade,Centre ville,2018,June,Q2,HTG,ND,ND,ND,,,,
Limbé,Marché Li,mbé,Centre ville,2018,June,Q2,HTG,ND,ND,ND,,,,
Cap-Haïtien,Marché Cluny,Centre ville,ND,2018,May,Q1,HTG,,,,,,,
Dondon,1-Marché Dondon 2- Marché St Germain,1-Centre ville 2-Laguille/ Haut du Trou,Moyenne des marchés,2018,May,Q1,HTG,,,,,,,
Borgne,1- Petit- Bourg 2- Borgne,1-Petit-Bourg 2- Centre ville,Moyenne des marchés,2018,May,Q1,HTG,,,,,,,
Ranquitte,1- Marché Garde-Iram 2- Marché Ranquitte,1-Garde-Iram 2-Centre ville,Moyenne des marchés,2018,May,Q1,HTG,,,,,,,
St Raphaël,1- Marché St Raphaël 2- Marché Ti Campêche,1-Centre ville 2- Ti Campêche,Moyenne des marchés,2018,May,Q1,HTG,,,,,,,
Bahon,Marché Bahon,Centre ville,ND,2018,May,Q1,HTG,,,,,,,
Limonade,Marché Limonade,Centre ville,ND,2018,May,Q1,HTG,,,,,,,
Limbé,Marché Limbé,Centre ville,ND,2018,May,Q1,HTG,,,,,,,
Cap-Haïtien,Marché Cluny,Centre ville,ND,2018,May,Q2,HTG,,,,,,,
Dondon,1-Marché Dondon 2- Marché St Germain,1-Centre ville 2-Laguille/ Haut du Trou,Moyenne des marchés,2018,May,Q2,HTG,,,,,,,
Borgne,1- Petit- Bourg 2- Borgne,1-Petit-Bourg 2- Centre ville,Moyenne des marchés,2018,May,Q2,HTG,,,,,,,
Ranquitte,1- Marché Garde-Iram 2- Marché Ranquitte,1-Garde-Iram 2-Centre ville,Moyenne des marchés,2018,May,Q2,HTG,,,,,,,
St Raphaël,1- Marché St Raphaël 2- Marché Ti Campêche,1-Centre ville 2- Ti Campêche,Moyenne des marchés,2018,May,Q2,HTG,,,,,,,
Bahon,Marché Bahon,Centre ville,ND,2018,May,Q2,HTG,,,,,,,
Limonade,Marché Limonade,Centre ville,ND,2018,May,Q2,HTG,,,,,,,
Limbé,Marché Limbé,Centre ville,ND,2018,May,Q2,HTG,,,,,,,
Cooking Oil,3P50rix de l'huile a Limonade Vs prix dans le n300grand marche urbain du Cap-Haitien o lla250 g450 /200 G T H 40 1 0 50 350 100 n300 o 50 lla 250 0 g /200 G 2e Quinz. 1e Quinz. 2e Quinz. 1e Quinz. T H150 Fév.-18 Mars-18 Mars-18 Avril-18 100 Prix Cap-Haitien Prix Borgne,ND,de l'huile a Limonade Vs prix dans le,2018,April,Q1,HTG,ND,,,,,,
Prix Cap-Haitien Prix Limonade,ND,ND,ND,2018,April,Q1,HTG,ND,,,,,,
orgn,e par rappo,rt au march,é du Cap-,2018,April,Q2,HTG,Haitien R,a p,haël pa,r rapport,au marché,du Cap,-Haitie
2,40,ND,ND,2018,April,Q2,HTG,ND,ND,240,ND,ND,ND,ND
2,20,ND,ND,2018,April,Q2,HTG,ND,ND,220,ND,ND,ND,ND
2,00,ND,ND,2018,April,Q2,HTG,ND,ND,200,ND,ND,ND,ND
1 1 s,80 60,ND,ND,2018,April,Q2,HTG,ND,s,180 160,ND,ND,ND,ND
b1 l6 /1,40 20,ND,ND,2018,April,Q2,HTG,ND,b l6 /,140 120,ND,ND,ND,ND
G1 T,00,ND,ND,2018,April,Q2,HTG,ND,G T,100,ND,ND,ND,ND
H,80,ND,ND,2018,April,Q2,HTG,ND,H,80,ND,ND,ND,ND
rap,hique-4: Prix,du riz impo,rté sur le,2018,April,Q2,HTG,marché de G,ra,phique-,5: Prix du,riz importé,sur le,marché
anq,uitte par rap,port au ma,rché du Ca,2018,April,Q2,HTG,p-Haitien B,a h,o n par,rapport a,u marché du,Cap-,Haitien
2,50,ND,ND,2018,April,Q2,HTG,ND,ND,220,ND,ND,ND,ND
2,30,ND,ND,2018,April,Q2,HTG,ND,ND,ND,ND,ND,ND,ND
2,10,ND,ND,2018,April,Q2,HTG,ND,ND,200,ND,ND,ND,ND
1 s,90,ND,ND,2018,April,Q2,HTG,ND,ND,180,ND,ND,ND,ND
b 1,70,ND,ND,2018,April,Q2,HTG,ND,ND,160,ND,ND,ND,ND
l6 1 /,50,ND,ND,2018,April,Q2,HTG,ND,s b,140,ND,ND,ND,ND
G 1 T H 1,30 10,ND,ND,2018,April,Q2,HTG,ND,l6 / G T,120,ND,ND,ND,ND
-,10,ND,ND,2018,April,Q2,HTG,ND,ND,0,ND,ND,ND,ND
Ce,bulletin de,prix de co,nsommati,2018,April,Q2,HTG,on est supporté pa,r l,e finan,cement d,e la Banqu,e Mon,diale d
Cooking Oil,3P50rix de l'huile a Limonade Vs prix dans le n300grand marche urbain du Cap-Haitien o lla250 g450 /200 G T H 40 1 0 50 350 100 n300 o 50 lla 250 0 g /200 G 2e Quinz. 1e Quinz. 2e Quinz. 1e Quinz. T H150 Janv.-17 Fév.-18 Fév .-18 Mars-18 100 Prix Cap-Haitien Prix Borgne,ND,de l'huile a Limonade Vs prix dans le,2018,March,Q1,HTG,ND,,,,,,
Prix Cap-Haitien Prix Limonade,ND,ND,ND,2018,March,Q1,HTG,ND,,,,,,
Cooking Oil,3P50rix de l'huile a Limonade Vs prix dans le n300grand marche urbain du Cap-Haitien o lla250 g450 /200 G T H 40 1 0 50 350 100 n300 o 50 lla 250 0 g /200 G 1e Quinz. 2e Quinz. 1e Quinz. 2e Quinz. T H150 Fév.-18 Fév.-18 Mars-18 Mars-18 100 Prix Cap-Haitien Prix Borgne,ND,de l'huile a Limonade Vs prix dans le,2018,March,Q2,HTG,ND,,,,,,
Prix Cap-Haitien Prix Limonade,ND,ND,ND,2018,March,Q2,HTG,ND,,,,,,
Limbe par rap,port au march,é du,Cap-Haitien,2018,February,Q1,HTG,r a ppor,t au marc,hé du,Cap-Haitien,ND,ND,ND
Prix d Graphique-26:,u sucre creme Prix de l’huile,au L sur,imbe Vs prix sur le marché de,2018,February,Q1,HTG,Graphi,Prix de que-27: P,l'huile rix de,a Dondon V l’huile sur le,s Prix d marché,ans de,le Bahon p
le gr,and marche urb,ain,du Cap-Haitien,2018,February,Q1,HTG,ND,grand,march,e urbain du,Cap-Ha,itie,n
Ranquitte par r,apport au mar,ché,du Cap-Haitien,2018,February,Q1,HTG,r a p p o rt,au marc,hé du,Cap-Haitien,ND,ND,ND
240,ND,ND,ND,2018,February,Q1,HTG,ND,ND,ND,ND,ND,ND,ND
220,ND,ND,ND,2018,February,Q1,HTG,40,0,ND,ND,ND,ND,ND
Prix d 200,e l'huile a Ranq,uitt,e Vs prix dans le,2018,February,Q1,HTG,35,Prix de 0,l'huile,a Bahon Vs p,rix dans,le g,rand
180 gra,nd centre urba,in d,u Cap-Haitien,2018,February,Q1,HTG,n,ND,march,e urbain du C,ap-Haitie,n,ND
160 s b450 l,ND,ND,ND,2018,February,Q1,HTG,30 o lla,0 450,ND,ND,ND,ND,ND
140 6 401020 / G100 T350 H 80,ND,ND,ND,2018,February,Q1,HTG,25 G 120 / G Tn15 Ho,0 4000 3050,ND,ND,ND,ND,ND
30060 n o 40 l,ND,ND,ND,2018,February,Q1,HTG,lla10 g / G,3000,ND,ND,ND,ND,ND
l250,ND,ND,ND,2018,February,Q1,HTG,5,0,ND,ND,ND,ND,ND
a 20 g,ND,ND,ND,2018,February,Q1,HTG,T,250,ND,ND,ND,ND,ND
/ G200 0,ND,ND,ND,2018,February,Q1,HTG,H,0 200,ND,ND,ND,ND,ND
T 2e H150,Quinz. 1e Qui,nz.,2e Quinz. 1e Quinz.,2018,February,Q1,HTG,ND,2e Q,uinz.,1e Quinz. 2,e Quinz.,1,e Quinz.
D,éc.-17 Janv.-1,8,Janv .-18 Fév.-18,2018,February,Q1,HTG,ND,150 Déc.,-17,Janv.-18 J,anv .-18,F,év.-18
100,ND,ND,ND,2018,February,Q1,HTG,ND,100,ND,ND,ND,ND,ND
50,Prix Cap-Haitien,ND,Prix Limbe,2018,February,Q1,HTG,ND,Pr,ix Cap-,Haitien,Prix D,on,don
0,ND,ND,ND,2018,February,Q1,HTG,ND,0,ND,ND,ND,ND,ND
2e Qu,inz. 1e Quinz.,2e,Quinz. 1e Quinz.,2018,February,Q1,HTG,ND,2e,Quinz.,1e Quinz.,2e Quinz,.,1e Quinz
Graphique-24 Déc.,: Prix de l’huil -17 Janv.-18,e su Jan,r le marché du Borgne v .-18 Fév.-18,2018,February,Q1,HTG,Graphi,que-25: D,Prix de éc.-17,l’huile sur le Janv.-18,marché Janv .-18,de,St Rapha Fév.-18
par rapport a,u marché du C,ap-H,aitien,2018,February,Q1,HTG,par rap,port au,marché,du Cap-Haiti,en,ND,ND
Prix,Cap-Haitien,ND,Prix Ranquitte,2018,February,Q1,HTG,ND,ND,Prix C,ap-Haitien,Prix B,ah,on
Prix,de l'huile au Bo,rgn,e Vs prix dans le,2018,February,Q1,HTG,ND,Prix de,l'huile,a St Raphael,Vs prix d,an,s le
gra Graphique-28:,nd marche urb Prix de l’huile,ain sur,du Cap-Haitien le marché de,2018,February,Q1,HTG,Graphi,que-2g9r:a nP,dri xm daer,clh’heu uilreb sauinr dleu,m Caaprc-hHéa i,dtiue,nLimbe pa
Limona5d5e0 par,rapport au ma,rché,du Cap-Haitien,2018,February,Q1,HTG,r a p p o r4t,5 a0u marc,hé du,Cap-Haitien,ND,ND,ND
500,ND,ND,ND,2018,February,Q1,HTG,4,00,ND,ND,ND,ND,ND
450,ND,ND,ND,2018,February,Q1,HTG,3,50,ND,ND,ND,ND,ND
400,ND,ND,ND,2018,February,Q1,HTG,ND,ND,ND,ND,ND,ND,ND
Prix de n350,l'huile a Limon,ade,Vs prix dans le,2018,February,Q1,HTG,3 n,Prix de 00,l'huile,au Limbe Vs,prix dan,s le,ND
grand o lla 300,marche urbai,n du,Cap-Haitien,2018,February,Q1,HTG,o lla 2,grand 50,marc,he urbain du,Cap-Haiti,en,ND
g452050 /,ND,ND,ND,2018,February,Q1,HTG,g / 2,500 00,ND,ND,ND,ND,ND
G T402000 H150 350,ND,ND,ND,2018,February,Q1,HTG,G T 1 H,450 50 400,ND,ND,ND,ND,ND
100 n300 o 50 l,ND,ND,ND,2018,February,Q1,HTG,1 n o ll,00 350 35000,ND,ND,ND,ND,ND
la 250 0 g,ND,ND,ND,2018,February,Q1,HTG,a g /,2500,ND,ND,ND,ND,ND
/200,ND,ND,ND,2018,February,Q1,HTG,G,200,ND,ND,ND,ND,ND
G 2e,Quinz. 1e Qui,nz.,2e Quinz. 1e Quinz.,2018,February,Q1,HTG,T,2e Q,uinz.,1e Quinz. 2,e Quinz.,1e,Quinz.
T H150 D,éc.-17 Janv.-,18,Janv .-18 Fév.-18,2018,February,Q1,HTG,H,150 Déc,.-17,Janv.-18 J,anv .-18,F,év.-18
100,ND,ND,ND,2018,February,Q1,HTG,ND,100,ND,ND,ND,ND,ND
50,Prix Cap-Haitien,ND,Prix Borgne,2018,February,Q1,HTG,ND,50 Pri,x Cap-H,aitien,Prix St,Rap,hael
0,ND,ND,ND,2018,February,Q1,HTG,ND,0,ND,ND,ND,ND,ND
2e Q,uinz. 1e Quinz,. 2,e Quinz. 1e Quinz.,2018,February,Q1,HTG,ND,2e,Quinz.,1e Quinz. 2,e Quinz.,1e,Quinz.
Déc,.-17 Janv.-18,J,anv .-18 Fév.-18,2018,February,Q1,HTG,ND,Dé,c.-17,Janv.-18 J,anv .-18,F,év.-18
Prix,Cap-Haitien,ND,Prix Limonade,2018,February,Q1,HTG,ND,Pr,ix Cap-,Haitien,Prix,Lim,be
Ce bulleti,n de prix de c,ons,ommation est supporté,2018,February,Q1,HTG,par le,financem,ent d,e la Banque,Mondia,le,dans le
Cooking Oil,3P50rix de l'huile a Limonade Vs prix dans le n300grand marche urbain du Cap-Haitien o lla250 g450 /200 G T H 40 1 0 50 350 100 n300 o 50 lla 250 0 g /200 G 1e Quinz. 2e Quinz. 1e Quinz. 2e Quinz. T H150 Janv.-17 Janv.-18 Fév .-18 Fév.-18 100 Prix Cap-Haitien Prix Borgne,ND,de l'huile a Limonade Vs prix dans le,2018,February,Q2,HTG,ND,,,,,,
Prix Cap-Haitien Prix Limonade,ND,ND,ND,2018,February,Q2,HTG,ND,,,,,,
Limbe par rap,port au march,é du,Cap-Haitien,2018,January,Q1,HTG,r a ppor,t au marc,hé du,Cap-Haitien,ND,ND,ND
Prix d Graphique-26:,u sucre creme Prix de l’huile,au L sur,imbe Vs prix sur le marché de,2018,January,Q1,HTG,Graphi,Prix de que-27: P,l'huile rix de,a Dondon V l’huile sur le,s Prix d marché,ans de,le Bahon p
le gr,and marche urb,ain,du Cap-Haitien,2018,January,Q1,HTG,ND,grand,march,e urbain du,Cap-Ha,itie,n
Ranquitte par r,apport au mar,ché,du Cap-Haitien,2018,January,Q1,HTG,r a p p o rt,au marc,hé du,Cap-Haitien,ND,ND,ND
240,ND,ND,ND,2018,January,Q1,HTG,ND,ND,ND,ND,ND,ND,ND
220,ND,ND,ND,2018,January,Q1,HTG,40,0,ND,ND,ND,ND,ND
Prix d 200,e l'huile a Ranq,uitt,e Vs prix dans le,2018,January,Q1,HTG,35,Prix de 0,l'huile,a Bahon Vs p,rix dans,le g,rand
180 gra,nd centre urba,in d,u Cap-Haitien,2018,January,Q1,HTG,n,ND,march,e urbain du C,ap-Haitie,n,ND
160 s b450 l,ND,ND,ND,2018,January,Q1,HTG,30 o lla,0 450,ND,ND,ND,ND,ND
140 6 401020 / G100 T350 H 80,ND,ND,ND,2018,January,Q1,HTG,25 G 120 / G Tn15 Ho,0 4000 3050,ND,ND,ND,ND,ND
30060 n o 40 l,ND,ND,ND,2018,January,Q1,HTG,lla10 g / G,3000,ND,ND,ND,ND,ND
l250,ND,ND,ND,2018,January,Q1,HTG,5,0,ND,ND,ND,ND,ND
a 20 g,ND,ND,ND,2018,January,Q1,HTG,T,250,ND,ND,ND,ND,ND
/ G200 0,ND,ND,ND,2018,January,Q1,HTG,H,0 200,ND,ND,ND,ND,ND
T 2e H150,Quinz. 1e Qui,nz.,2e Quinz. 1e Quinz.,2018,January,Q1,HTG,ND,2e Q,uinz.,1e Quinz. 2,e Quinz.,1,e Quinz.
N,ov.-17 Déc.-1,7,Déc.-17 Janv.-18,2018,January,Q1,HTG,ND,150 Nov,.-17,Déc.-17,Déc.-17,J,anv.-18
100,ND,ND,ND,2018,January,Q1,HTG,ND,100,ND,ND,ND,ND,ND
50,Prix Cap-Haitien,ND,Prix Limbe,2018,January,Q1,HTG,ND,Pr,ix Cap-,Haitien,Prix D,on,don
0,ND,ND,ND,2018,January,Q1,HTG,ND,0,ND,ND,ND,ND,ND
2e Qu,inz. 1e Quinz.,2e,Quinz. 1e Quinz.,2018,January,Q1,HTG,ND,2e,Quinz.,1e Quinz.,2e Quinz,.,1e Quinz
Graphique-24 Nov.,: Prix de l’huil -17 Déc.-17,e su D,r le marché du Borgne éc.-17 Janv.-18,2018,January,Q1,HTG,Graphi,que-25: N,Prix de ov.-17,l’huile sur le Déc.-17,marché Déc.-17,de,St Rapha Janv.-18
par rapport a,u marché du C,ap-H,aitien,2018,January,Q1,HTG,par rap,port au,marché,du Cap-Haiti,en,ND,ND
Prix,Cap-Haitien,ND,Prix Ranquitte,2018,January,Q1,HTG,ND,ND,Prix C,ap-Haitien,Prix B,ah,on
Prix,de l'huile au Bo,rgn,e Vs prix dans le,2018,January,Q1,HTG,ND,Prix de,l'huile,a St Raphael,Vs prix d,an,s le
gra Graphique-28:,nd marche urb Prix de l’huile,ain sur,du Cap-Haitien le marché de,2018,January,Q1,HTG,Graphi,que-2g9r:a nP,dri xm daer,clh’heu uilreb sauinr dleu,m Caaprc-hHéa i,dtiue,nLimbe pa
Limona5d5e0 par,rapport au ma,rché,du Cap-Haitien,2018,January,Q1,HTG,r a p p o r4t,5 a0u marc,hé du,Cap-Haitien,ND,ND,ND
500,ND,ND,ND,2018,January,Q1,HTG,4,00,ND,ND,ND,ND,ND
450,ND,ND,ND,2018,January,Q1,HTG,3,50,ND,ND,ND,ND,ND
400,ND,ND,ND,2018,January,Q1,HTG,ND,ND,ND,ND,ND,ND,ND
Prix de n350,l'huile a Limon,ade,Vs prix dans le,2018,January,Q1,HTG,3 n,Prix de 00,l'huile,au Limbe Vs,prix dan,s le,ND
grand o lla 300,marche urbai,n du,Cap-Haitien,2018,January,Q1,HTG,o lla 2,grand 50,marc,he urbain du,Cap-Haiti,en,ND
g452050 /,ND,ND,ND,2018,January,Q1,HTG,g / 2,500 00,ND,ND,ND,ND,ND
G T402000 H150 350,ND,ND,ND,2018,January,Q1,HTG,G T 1 H,450 50 400,ND,ND,ND,ND,ND
100 n300 o 50 l,ND,ND,ND,2018,January,Q1,HTG,1 n o ll,00 350 35000,ND,ND,ND,ND,ND
la 250 0 g,ND,ND,ND,2018,January,Q1,HTG,a g /,2500,ND,ND,ND,ND,ND
/200,ND,ND,ND,2018,January,Q1,HTG,G,200,ND,ND,ND,ND,ND
G 2e,Quinz. 1e Qui,nz.,2e Quinz. 1e Quinz.,2018,January,Q1,HTG,T,2e Q,uinz.,1e Quinz. 2,e Quinz.,1e,Quinz.
T H150 N,ov.-17 Déc.-,17,Déc.-17 Janv.-18,2018,January,Q1,HTG,H,150 No,v.-17,Déc.-17,Déc.-17,Ja,nv.-18
100,ND,ND,ND,2018,January,Q1,HTG,ND,100,ND,ND,ND,ND,ND
50,Prix Cap-Haitien,ND,Prix Borgne,2018,January,Q1,HTG,ND,50 Pri,x Cap-H,aitien,Prix St,Rap,hael
0,ND,ND,ND,2018,January,Q1,HTG,ND,0,ND,ND,ND,ND,ND
2e Q,uinz. 1e Quinz,. 2,e Quinz. 1e Quinz.,2018,January,Q1,HTG,ND,2e,Quinz.,1e Quinz. 2,e Quinz.,1e,Quinz.
No,v.-17 Déc.-17,ND,Déc.-17 Janv.-18,2018,January,Q1,HTG,ND,No,v.-17,Déc.-17,Déc.-17,Ja,nv.-18
Prix,Cap-Haitien,ND,Prix Limonade,2018,January,Q1,HTG,ND,Pr,ix Cap-,Haitien,Prix,Lim,be
Ce bulleti,n de prix de c,ons,ommation est supporté,2018,January,Q1,HTG,par le,financem,ent d,e la Banque,Mondia,le,dans le
Limbe par rap,port au march,é du,Cap-Haitien,2018,January,Q2,HTG,r a ppor,t au marc,hé du,Cap-Haitien,ND,ND,ND
Prix d Graphique-26:,u sucre creme Prix de l’huile,au L sur,imbe Vs prix sur le marché de,2018,January,Q2,HTG,Graphi,Prix de que-27: P,l'huile rix de,a Dondon V l’huile sur le,s Prix d marché,ans de,le Bahon p
le gr,and marche urb,ain,du Cap-Haitien,2018,January,Q2,HTG,ND,grand,march,e urbain du,Cap-Ha,itie,n
Ranquitte par r,apport au mar,ché,du Cap-Haitien,2018,January,Q2,HTG,r a p p o rt,au marc,hé du,Cap-Haitien,ND,ND,ND
240,ND,ND,ND,2018,January,Q2,HTG,ND,ND,ND,ND,ND,ND,ND
220,ND,ND,ND,2018,January,Q2,HTG,40,0,ND,ND,ND,ND,ND
Prix d 200,e l'huile a Ranq,uitt,e Vs prix dans le,2018,January,Q2,HTG,35,Prix de 0,l'huile,a Bahon Vs p,rix dans,le g,rand
180 gra,nd centre urba,in d,u Cap-Haitien,2018,January,Q2,HTG,n,ND,march,e urbain du C,ap-Haitie,n,ND
160 s b450 l,ND,ND,ND,2018,January,Q2,HTG,30 o lla,0 450,ND,ND,ND,ND,ND
140 6 401020 / G100 T350 H 80,ND,ND,ND,2018,January,Q2,HTG,25 G 120 / G Tn15 Ho,0 4000 3050,ND,ND,ND,ND,ND
30060 n o 40 l,ND,ND,ND,2018,January,Q2,HTG,lla10 g / G,3000,ND,ND,ND,ND,ND
l250,ND,ND,ND,2018,January,Q2,HTG,5,0,ND,ND,ND,ND,ND
a 20 g,ND,ND,ND,2018,January,Q2,HTG,T,250,ND,ND,ND,ND,ND
/ G200 0,ND,ND,ND,2018,January,Q2,HTG,H,0 200,ND,ND,ND,ND,ND
T 1e H150,Quinz. 2e Qui,nz.,1e Quinz. 2e Quinz.,2018,January,Q2,HTG,ND,1e Q,uinz.,2e Quinz. 1,e Quinz.,2,e Quinz.
D,éc.-17 Déc.-1,7,Janv .-18 Janv.-18,2018,January,Q2,HTG,ND,150 Déc.,-17,Déc.-17 J,anv .-18,J,anv.-18
100,ND,ND,ND,2018,January,Q2,HTG,ND,100,ND,ND,ND,ND,ND
50,Prix Cap-Haitien,ND,Prix Limbe,2018,January,Q2,HTG,ND,Pr,ix Cap-,Haitien,Prix D,on,don
0,ND,ND,ND,2018,January,Q2,HTG,ND,0,ND,ND,ND,ND,ND
1e Qu,inz. 2e Quinz.,1e,Quinz. 2e Quinz.,2018,January,Q2,HTG,ND,1e,Quinz.,2e Quinz.,1e Quinz,.,2e Quinz
Graphique-24 Déc.,: Prix de l’huil -17 Déc.-17,e su Jan,r le marché du Borgne v .-18 Janv.-18,2018,January,Q2,HTG,Graphi,que-25: D,Prix de éc.-17,l’huile sur le Déc.-17,marché Janv .-18,de,St Rapha Janv.-18
par rapport a,u marché du C,ap-H,aitien,2018,January,Q2,HTG,par rap,port au,marché,du Cap-Haiti,en,ND,ND
Prix,Cap-Haitien,ND,Prix Ranquitte,2018,January,Q2,HTG,ND,ND,Prix C,ap-Haitien,Prix B,ah,on
Prix,de l'huile au Bo,rgn,e Vs prix dans le,2018,January,Q2,HTG,ND,Prix de,l'huile,a St Raphael,Vs prix d,an,s le
gra Graphique-28:,nd marche urb Prix de l’huile,ain sur,du Cap-Haitien le marché de,2018,January,Q2,HTG,Graphi,que-2g9r:a nP,dri xm daer,clh’heu uilreb sauinr dleu,m Caaprc-hHéa i,dtiue,nLimbe pa
Limona5d5e0 par,rapport au ma,rché,du Cap-Haitien,2018,January,Q2,HTG,r a p p o r4t,5 a0u marc,hé du,Cap-Haitien,ND,ND,ND
500,ND,ND,ND,2018,January,Q2,HTG,4,00,ND,ND,ND,ND,ND
450,ND,ND,ND,2018,January,Q2,HTG,3,50,ND,ND,ND,ND,ND
400,ND,ND,ND,2018,January,Q2,HTG,ND,ND,ND,ND,ND,ND,ND
Prix de n350,l'huile a Limon,ade,Vs prix dans le,2018,January,Q2,HTG,3 n,Prix de 00,l'huile,au Limbe Vs,prix dan,s le,ND
grand o lla 300,marche urbai,n du,Cap-Haitien,2018,January,Q2,HTG,o lla 2,grand 50,marc,he urbain du,Cap-Haiti,en,ND
g452050 /,ND,ND,ND,2018,January,Q2,HTG,g / 2,500 00,ND,ND,ND,ND,ND
G T402000 H150 350,ND,ND,ND,2018,January,Q2,HTG,G T 1 H,450 50 400,ND,ND,ND,ND,ND
100 n300 o 50 l,ND,ND,ND,2018,January,Q2,HTG,1 n o ll,00 350 35000,ND,ND,ND,ND,ND
la 250 0 g,ND,ND,ND,2018,January,Q2,HTG,a g /,2500,ND,ND,ND,ND,ND
/200,ND,ND,ND,2018,January,Q2,HTG,G,200,ND,ND,ND,ND,ND
G 1e,Quinz. 2e Qui,nz.,1e Quinz. 2e Quinz.,2018,January,Q2,HTG,T,1e Q,uinz.,2e Quinz. 1,e Quinz.,2e,Quinz.
T H150 D,éc.-17 Déc.-,17,Janv .-18 Janv.-18,2018,January,Q2,HTG,H,150 Déc,.-17,Déc.-17 J,anv .-18,Ja,nv.-18
100,ND,ND,ND,2018,January,Q2,HTG,ND,100,ND,ND,ND,ND,ND
50,Prix Cap-Haitien,ND,Prix Borgne,2018,January,Q2,HTG,ND,50 Pri,x Cap-H,aitien,Prix St,Rap,hael
0,ND,ND,ND,2018,January,Q2,HTG,ND,0,ND,ND,ND,ND,ND
1e Q,uinz. 2e Quinz,. 1,e Quinz. 2e Quinz.,2018,January,Q2,HTG,ND,1e,Quinz.,2e Quinz. 1,e Quinz.,2e,Quinz.
Déc,.-17 Déc.-17,J,anv .-18 Janv.-18,2018,January,Q2,HTG,ND,Dé,c.-17,Déc.-17 J,anv .-18,Ja,nv.-18
Prix,Cap-Haitien,ND,Prix Limonade,2018,January,Q2,HTG,ND,Pr,ix Cap-,Haitien,Prix,Lim,be
Ce bulleti,n de prix de c,ons,ommation est supporté,2018,January,Q2,HTG,par le,financem,ent d,e la Banque,Mondia,le,dans le
